keyword,tag,type
AFS,afs,primary
arbetsmiljöverkets föreskrifter,afs,secondary
nya AFS-regelstrukturen,afs,secondary
AFS 2023:1,afs,secondary
AI Act,ai-act,primary
AI-förordningen,ai-act,secondary
AI-reglering,ai-act,secondary
högriskklassificering AI,ai-act,secondary
alkohollagen,alkohollagen,primary
serveringstillstånd,alkohollagen,secondary
alkoholservering,alkohollagen,secondary
alkohollagen krav,alkohollagen,secondary
arbetsmiljö,arbetsmiljo,primary
arbetsmiljölagen,arbetsmiljolagen,primary
systematiskt arbetsmiljöarbete,sam,primary
arbetsmiljöansvar,arbetsmiljo,secondary
arbetsmiljölagen sammanfattning,arbetsmiljolagen,secondary
arbetsmiljölagen krav,arbetsmiljolagen,secondary
arbetsgivarens ansvar,arbetsmiljolagen,secondary
arbetstidslagen,arbetstidslagen,primary
arbetstidsregler,arbetstidslagen,secondary
dygnsvila,arbetstidslagen,secondary
veckovila,arbetstidslagen,secondary
avfallsförordningen,avfallsforordningen,primary
avfallshantering,avfallsforordningen,secondary
farligt avfall,avfallsforordningen,secondary
anteckningsskyldighet farligt avfall,avfallsforordningen,secondary
avfallstrappan,avfallstrappan,primary
avfallshierarkin,avfallstrappan,secondary
avfallstrappan steg,avfallstrappan,secondary
boverkets byggregler,boverkets-byggregler,primary
BBR,boverkets-byggregler,secondary
byggregler,boverkets-byggregler,secondary
tekniska egenskapskrav,boverkets-byggregler,secondary
brandskydd,brandskydd,primary
systematiskt brandskyddsarbete,sba,primary
lag om skydd mot olyckor,lag-om-skydd-mot-olyckor,primary
brandsäkerhet,brandskydd,secondary
CE-märkning,ce-markning,primary
CE-märka produkt,ce-markning,secondary
CE-märkning krav,ce-markning,secondary
försäkran om överensstämmelse,ce-markning,secondary
CSRD,csrd,primary
hållbarhetsrapportering,csrd,secondary
hållbarhetsdirektivet,csrd,secondary
ESRS,csrd,secondary
diskrimineringslagen,diskrimineringslagen,primary
aktiva åtgärder,diskrimineringslagen,secondary
diskrimineringsgrunder,diskrimineringslagen,secondary
DORA,dora,primary
DORA-förordningen,dora,secondary
digital operativ motståndskraft,dora,secondary
IKT-risk,dora,secondary
egenkontroll miljö,egenkontroll,primary
egenkontrollförordningen,egenkontroll,secondary
miljöbalken egenkontroll,egenkontroll,secondary
verksamhetsutövares egenkontroll,egenkontroll,secondary
elsäkerhetslagen,elsakerhetslagen,primary
elinstallationsföretag,elsakerhetslagen,secondary
egenkontrollprogram,elsakerhetslagen,secondary
elsäkerhet,elsakerhetslagen,secondary
energikartläggning,energikartlaggning,primary
energikartläggning stora företag,energikartlaggning,secondary
EKL lag,energikartlaggning,secondary
lag 2014:266,energikartlaggning,secondary
ESG,esg,primary
ESG rapportering,esg,secondary
EU-taxonomin,eu-taxonomin,primary
taxonomiförordningen,eu-taxonomin,secondary
hållbara investeringar,eu-taxonomin,secondary
miljömål,eu-taxonomin,secondary
GDPR,gdpr,primary
dataskyddsförordningen,gdpr,secondary
personuppgifter,gdpr,secondary
dataskydd,gdpr,secondary
internrevision,internrevision,primary
intern revision ledningssystem,internrevision,secondary
internrevision ISO,internrevision,secondary
revisionsplan,internrevision,secondary
ISO 14001,iso-14001,primary
miljöledningssystem,miljoledningssystem,primary
ISO 14001 certifiering,iso-14001,secondary
bindande krav ISO 14001,iso-14001,secondary
ISO 27001,iso-27001,primary
ledningssystem för informationssäkerhet,iso-27001,secondary
ISO 27001 certifiering,iso-27001,secondary
ISO/IEC 27001:2022,iso-27001,secondary
ISO 45001,iso-45001,primary
ledningssystem för arbetsmiljö,iso-45001,secondary
ISO 45001 certifiering,iso-45001,secondary
arbetsmiljöstandard,iso-45001,secondary
ISO 50001,iso-50001,primary
energiledningssystem,iso-50001,secondary
ISO 50001 certifiering,iso-50001,secondary
energiledning standard,iso-50001,secondary
ISO 9000,iso-9000,primary
kvalitetsledning principer,iso-9000,secondary
ISO 9000 vs ISO 9001,iso-9000,secondary
kvalitetsbegrepp,iso-9000,secondary
ISO 9001,iso-9001,primary
kvalitetsledningssystem,kvalitetsledningssystem,primary
ISO 9001 certifiering,iso-9001,secondary
ISO 9001:2015,iso-9001,secondary
kemikalieförteckning,kemikalieforteckning,primary
kemikalieförteckning krav,kemikalieforteckning,secondary
kemikalieförteckning mall,kemikalieforteckning,secondary
säkerhetsdatablad,kemikalieforteckning,secondary
kvalitetsledning,kvalitetsledningssystem,secondary
QMS,kvalitetsledningssystem,secondary
LSO,lag-om-skydd-mot-olyckor,secondary
skäligt brandskydd,lag-om-skydd-mot-olyckor,secondary
lagefterlevnad,lagefterlevnad,primary
efterlevnad av lagkrav,lagefterlevnad,secondary
compliance företag,lagefterlevnad,secondary
lagefterlevnadskontroll,lagefterlevnad,secondary
lagrevision,lagrevision,primary
lagefterlevnadsrevision,lagrevision,secondary
revision av laglista,lagrevision,secondary
lagkrav revision,lagrevision,secondary
las lagen om anställningsskydd,las,primary
anställningsskydd,las,secondary
uppsägning,las,secondary
turordningsregler,las,secondary
ledningssystem,ledningssystem,primary
certifierbart ledningssystem,ledningssystem,secondary
integrerat ledningssystem,ledningssystem,secondary
ISO ledningssystem,ledningssystem,secondary
livsmedelslagen,livsmedelslagen,primary
livsmedelsföretag,livsmedelslagen,secondary
livsmedelskontroll,livsmedelslagen,secondary
registrering livsmedelsanläggning,livsmedelslagen,secondary
maskindirektivet,maskindirektivet,primary
maskinförordningen,maskindirektivet,secondary
CE-märkning maskiner,maskindirektivet,secondary
AFS 2008:3 maskiner,maskindirektivet,secondary
miljölagstiftning,miljo,primary
miljöbalken,miljobalken,primary
miljökrav företag,miljo,secondary
miljöbalken sammanfattning,miljobalken,secondary
hänsynsreglerna,miljobalken,secondary
egenkontroll miljöbalken,miljobalken,secondary
miljöledning,miljoledningssystem,secondary
EMAS,miljoledningssystem,secondary
NIS2,nis2,primary
NIS2-direktivet,nis2,secondary
cybersäkerhet,nis2,secondary
informationssäkerhet,nis2,secondary
OVK,ovk,primary
obligatorisk ventilationskontroll,ovk,secondary
OVK-besiktning,ovk,secondary
ventilationskontroll krav,ovk,secondary
penningtvättslagen,penningtvatt,primary
åtgärder mot penningtvätt,penningtvatt,secondary
kundkännedom,penningtvatt,secondary
verksamhetsutövare penningtvätt,penningtvatt,secondary
plan- och bygglagen,plan-och-bygglagen,primary
PBL,plan-och-bygglagen,secondary
bygglov,plan-och-bygglagen,secondary
kontrollansvarig,plan-och-bygglagen,secondary
kontrollplan,plan-och-bygglagen,secondary
reach,reach,primary
kemikalieförordningen,reach,secondary
kandidatförteckningen,reach,secondary
riskbedömning,riskbedomning,primary
riskbedömning arbetsmiljö,riskbedomning,secondary
riskanalys företag,riskbedomning,secondary
riskbedömning mall,riskbedomning,secondary
SAM,sam,secondary
arbetsmiljöarbete,sam,secondary
SBA,sba,secondary
brandskyddsarbete,sba,secondary
brandskyddsansvarig,sba,secondary
strålskyddslagen,stralskyddslagen,primary
strålskydd,stralskyddslagen,secondary
joniserande strålning,stralskyddslagen,secondary
strålsäkerhetsmyndigheten,stralskyddslagen,secondary
visselblåsarlagen,visselblasarlagen,primary
visselblåsarfunktion,visselblasarlagen,secondary
rapporteringskanal,visselblasarlagen,secondary
visselblåsardirektivet,visselblasarlagen,secondary
vad är AFS,afs,longtail
vad är AI Act och vad innebär det,ai-act,longtail
vad är alkohollagen,alkohollagen,longtail
vad är systematiskt arbetsmiljöarbete,arbetsmiljo,longtail
vad säger arbetsmiljölagen,arbetsmiljolagen,longtail
vad är arbetstidslagen,arbetstidslagen,longtail
vad är avfallsförordningen,avfallsforordningen,longtail
vad är avfallstrappan,avfallstrappan,longtail
vad är boverkets byggregler,boverkets-byggregler,longtail
vad är systematiskt brandskyddsarbete,brandskydd,longtail
vad är CE-märkning,ce-markning,longtail
vad är CSRD och vad innebär det,csrd,longtail
vad är diskrimineringslagen,diskrimineringslagen,longtail
vad är DORA och vad innebär det,dora,longtail
vad är egenkontroll miljö,egenkontroll,longtail
vad är elsäkerhetslagen,elsakerhetslagen,longtail
vad är energikartläggning,energikartlaggning,longtail
vad betyder ESG,esg,longtail
vad är EU-taxonomin enkelt förklarat,eu-taxonomin,longtail
vad är GDPR och vad innebär det,gdpr,longtail
vad är internrevision,internrevision,longtail
vad är ISO 14001,iso-14001,longtail
vad är ISO 27001,iso-27001,longtail
vad är ISO 45001,iso-45001,longtail
vad är ISO 50001,iso-50001,longtail
vad är ISO 9000,iso-9000,longtail
vad är ISO 9001,iso-9001,longtail
vad ska en kemikalieförteckning innehålla,kemikalieforteckning,longtail
vad är ett kvalitetsledningssystem,kvalitetsledningssystem,longtail
vad är lag om skydd mot olyckor,lag-om-skydd-mot-olyckor,longtail
vad är lagefterlevnad,lagefterlevnad,longtail
vad är lagrevision,lagrevision,longtail
vad är las lagen,las,longtail
vad är ett ledningssystem,ledningssystem,longtail
vad är livsmedelslagen,livsmedelslagen,longtail
vad är maskindirektivet,maskindirektivet,longtail
vad säger miljöbalken om företag,miljo,longtail
vad är miljöbalken,miljobalken,longtail
vad är ett miljöledningssystem,miljoledningssystem,longtail
vad är NIS2 och vem omfattas,nis2,longtail
vad är OVK,ovk,longtail
vad är penningtvättslagen,penningtvatt,longtail
vad är plan- och bygglagen,plan-och-bygglagen,longtail
vad är reach förordningen,reach,longtail
vad är en riskbedömning,riskbedomning,longtail
vad är strålskyddslagen,stralskyddslagen,longtail
vad är visselblåsarlagen,visselblasarlagen,longtail
vad betyder AFS arbetsmiljöverket,afs,longtail
AI Act krav för företag,ai-act,longtail
alkohollagen sammanfattning,alkohollagen,longtail
arbetsmiljölagen krav för arbetsgivare,arbetsmiljo,longtail
vad innebär arbetsmiljölagen för arbetsgivare,arbetsmiljolagen,longtail
arbetstidslagen dygnsvila 11 timmar,arbetstidslagen,longtail
avfallsförordningen 2020:614,avfallsforordningen,longtail
avfallstrappan fem steg,avfallstrappan,longtail
bbr brandskydd krav,boverkets-byggregler,longtail
SBA checklista,brandskydd,longtail
hur CE-märkar man en produkt,ce-markning,longtail
CSRD krav för företag,csrd,longtail
diskrimineringslagen sammanfattning,diskrimineringslagen,longtail
DORA krav för finansiella företag,dora,longtail
egenkontroll enligt miljöbalken,egenkontroll,longtail
elsäkerhetslagen sammanfattning,elsakerhetslagen,longtail
vilka företag måste göra energikartläggning,energikartlaggning,longtail
vad står ESG för,esg,longtail
EU-taxonomin krav för företag,eu-taxonomin,longtail
GDPR krav för företag,gdpr,longtail
internrevision ISO 9001,internrevision,longtail
krav i ISO 14001 checklista,iso-14001,longtail
ISO 27001 krav,iso-27001,longtail
ISO 45001 krav,iso-45001,longtail
ISO 50001 krav,iso-50001,longtail
skillnad ISO 9000 och ISO 9001,iso-9000,longtail
ISO 9001 krav,iso-9001,longtail
krav på kemikalieförteckning enligt egenkontroll,kemikalieforteckning,longtail
kvalitetsledningssystem ISO 9001,kvalitetsledningssystem,longtail
vad innebär LSO för företag,lag-om-skydd-mot-olyckor,longtail
hur säkerställer man lagefterlevnad,lagefterlevnad,longtail
hur går en lagrevision till,lagrevision,longtail
lagen om anställningsskydd sammanfattning,las,longtail
integrerat ledningssystem ISO,ledningssystem,longtail
livsmedelslagen sammanfattning,livsmedelslagen,longtail
maskindirektivet 2006/42/EG,maskindirektivet,longtail
krav på egenkontroll enligt miljöbalken,miljo,longtail
vad innebär miljöbalken för företag,miljobalken,longtail
miljöledningssystem ISO 14001,miljoledningssystem,longtail
NIS2 krav för företag,nis2,longtail
hur ofta ska OVK göras,ovk,longtail
krav på kundkännedom enligt penningtvättslagen,penningtvatt,longtail
vad innebär PBL för företag,plan-och-bygglagen,longtail
reach kandidatförteckningen svhc,reach,longtail
hur gör man en riskbedömning på arbetsplatsen,riskbedomning,longtail
SAM arbetsmiljö krav,sam,longtail
strålskyddslagen 2018:396,stralskyddslagen,longtail
krav på visselblåsarfunktion 50 anställda,visselblasarlagen,longtail
nya AFS-regelstrukturen 2025,afs,longtail
vilka AI-system är högrisk,ai-act,longtail
serveringstillstånd krav restaurang,alkohollagen,longtail
SAM checklista,arbetsmiljo,longtail
arbetsmiljölagen sammanfattning kapitel,arbetsmiljolagen,longtail
arbetstidslagen veckovila krav,arbetstidslagen,longtail
avfallshierarkin förklaring,avfallstrappan,longtail
boverkets byggregler tillgänglighet,boverkets-byggregler,longtail
lag om skydd mot olyckor krav,brandskydd,longtail
CE-märkning krav EU,ce-markning,longtail
vilka företag omfattas av CSRD,csrd,longtail
de sju diskrimineringsgrunderna,diskrimineringslagen,longtail
vilka företag omfattas av DORA,dora,longtail
egenkontrollförordningen krav,egenkontroll,longtail
krav på elinstallationsföretag,elsakerhetslagen,longtail
energikartläggning i stora företag krav,energikartlaggning,longtail
ESG rapportering krav företag,esg,longtail
vilka företag omfattas av taxonomin,eu-taxonomin,longtail
GDPR checklista 2026,gdpr,longtail
internrevision checklista,internrevision,longtail
ISO 14001 bindande krav lista,iso-14001,longtail
ISO 27001 certifiering steg för steg,iso-27001,longtail
ISO 45001 certifiering steg för steg,iso-45001,longtail
ISO 50001 certifiering steg för steg,iso-50001,longtail
ISO 9000 sju kvalitetsledningsprinciper,iso-9000,longtail
ISO 9001 certifiering steg för steg,iso-9001,longtail
kemikalieförteckning mall excel,kemikalieforteckning,longtail
hur bygger man ett kvalitetsledningssystem,kvalitetsledningssystem,longtail
lag om skydd mot olyckor sammanfattning,lag-om-skydd-mot-olyckor,longtail
lagefterlevnad checklista,lagefterlevnad,longtail
lagrevision checklista,lagrevision,longtail
saklig grund uppsägning,las,longtail
ledningssystem ISO 9001 14001 45001,ledningssystem,longtail
krav på livsmedelsföretag,livsmedelslagen,longtail
maskinförordningen 2023/1230,maskindirektivet,longtail
miljölagstiftning checklista företag,miljo,longtail
miljöbalken hänsynsregler förklaring,miljobalken,longtail
hur bygger man ett miljöledningssystem,miljoledningssystem,longtail
NIS2 i Sverige cybersäkerhetslagen,nis2,longtail
OVK intervall tabell,ovk,longtail
vilka omfattas av penningtvättslagen,penningtvatt,longtail
plan- och bygglagen sammanfattning,plan-och-bygglagen,longtail
krav på säkerhetsdatablad reach,reach,longtail
riskbedömning mall gratis,riskbedomning,longtail
systematiskt arbetsmiljöarbete steg för steg,sam,longtail
SBA krav lag om skydd mot olyckor,sba,longtail
tillstånd joniserande strålning,stralskyddslagen,longtail
intern rapporteringskanal krav,visselblasarlagen,longtail
vilka AFS gäller för mitt företag,afs,longtail
AI Act riskklassificering nivå,ai-act,longtail
alkohollagen åldersgräns servering,alkohollagen,longtail
arbetsmiljöansvar arbetsgivare,arbetsmiljo,longtail
arbetsmiljölagen krav på arbetsgivare,arbetsmiljolagen,longtail
max ordinarie arbetstid per vecka,arbetstidslagen,longtail
rapportera farligt avfall till avfallsregistret,avfallsforordningen,longtail
avfallstrappan ordning,avfallstrappan,longtail
bbr energihushållning krav,boverkets-byggregler,longtail
brandskydd ansvar fastighetsägare,brandskydd,longtail
vilka produkter måste CE-märkas,ce-markning,longtail
CSRD när börjar det gälla i Sverige,csrd,longtail
aktiva åtgärder diskrimineringslagen krav,diskrimineringslagen,longtail
DORA när börjar det gälla,dora,longtail
egenkontroll mall miljö,egenkontroll,longtail
egenkontrollprogram el krav,elsakerhetslagen,longtail
hur ofta ska energikartläggning göras,energikartlaggning,longtail
skillnad ESG och hållbarhet,esg,longtail
taxonomins sex miljömål,eu-taxonomin,longtail
behandla personuppgifter lagligt,gdpr,longtail
internrevision mall,internrevision,longtail
hur certifiera sig enligt ISO 14001,iso-14001,longtail
ISO 27001 checklista,iso-27001,longtail
ISO 45001 checklista,iso-45001,longtail
ISO 50001 checklista,iso-50001,longtail
ISO 9000 definitioner och begrepp,iso-9000,longtail
ISO 9001 checklista,iso-9001,longtail
kemikalieförteckning exempel,kemikalieforteckning,longtail
kvalitetsledningssystem krav,kvalitetsledningssystem,longtail
skäligt brandskydd LSO 2 kap,lag-om-skydd-mot-olyckor,longtail
lagefterlevnad ISO 14001,lagefterlevnad,longtail
lagrevision mall,lagrevision,longtail
turordningsregler las undantag,las,longtail
hur bygger man ett ledningssystem,ledningssystem,longtail
registrera livsmedelsverksamhet kommun,livsmedelslagen,longtail
CE-märkning maskiner krav,maskindirektivet,longtail
lista över miljölagar för verksamheter,miljo,longtail
miljöledningssystem krav,miljoledningssystem,longtail
NIS2 väsentliga och viktiga entiteter,nis2,longtail
OVK krav fastighetsägare,ovk,longtail
allmän riskbedömning penningtvätt mall,penningtvatt,longtail
när krävs bygglov enligt PBL,plan-och-bygglagen,longtail
reach registrering av kemiska ämnen,reach,longtail
riskbedömning checklista,riskbedomning,longtail
riskbedömning arbetsmiljö mall,arbetsmiljo,longtail
systematiskt brandskyddsarbete mall,sba,longtail
strålskydd på arbetsplatsen krav,stralskyddslagen,longtail
visselblåsarlagen för företag,visselblasarlagen,longtail
AFS 2023:1 systematiskt arbetsmiljöarbete,afs,longtail
AI Act förbjudna användningsområden,ai-act,longtail
kunskapsprov alkohollagen,alkohollagen,longtail
vad gäller enligt arbetsmiljölagen 3 kap,arbetsmiljolagen,longtail
övertid regler arbetstidslagen,arbetstidslagen,longtail
krav på avfallshantering företag,avfallsforordningen,longtail
avfallstrappan exempel företag,avfallstrappan,longtail
skillnad bbr och plan- och bygglagen,boverkets-byggregler,longtail
skriftlig redogörelse brandskydd,brandskydd,longtail
CE-märkning försäkran om överensstämmelse,ce-markning,longtail
dubbel väsentlighetsanalys CSRD,csrd,longtail
diskrimineringslagen för arbetsgivare,diskrimineringslagen,longtail
DORA IKT-riskhantering,dora,longtail
egenkontrollprogram exempel,egenkontroll,longtail
elsäkerhetslagen 2017 nyheter,elsakerhetslagen,longtail
definition stora företag energikartläggning,energikartlaggning,longtail
CSRD vilka företag omfattas,esg,longtail
taxonomi förenlig och berättigad verksamhet,eu-taxonomin,longtail
personuppgiftsbiträdesavtal mall,gdpr,longtail
hur gör man en internrevision,internrevision,longtail
ISO 14001 lagefterlevnad utvärdering,iso-14001,longtail
ISO 27001 och GDPR,iso-27001,longtail
skillnad mellan ISO 45001 och OHSAS 18001,iso-45001,longtail
ISO 50001 och energikartläggning i stora företag,iso-50001,longtail
ISO 9000 serien standarder,iso-9000,longtail
ISO 9001:2015 nyheter,iso-9001,longtail
måste företag ha en kemikalieförteckning,kemikalieforteckning,longtail
kvalitetsledningssystem checklista,kvalitetsledningssystem,longtail
ägarens och nyttjanderättshavarens ansvar brandskydd,lag-om-skydd-mot-olyckor,longtail
lagefterlevnadskontroll mall,lagefterlevnad,longtail
lagefterlevnadsrevision steg för steg,lagrevision,longtail
las anställningsformer tillsvidare,las,longtail
krav på ledningssystem,ledningssystem,longtail
egenkontroll livsmedel haccp,livsmedelslagen,longtail
väsentliga hälso- och säkerhetskrav maskiner,maskindirektivet,longtail
vilka miljökrav gäller för min verksamhet,miljo,longtail
miljöbalken kapitel översikt,miljobalken,longtail
miljöledningssystem checklista,miljoledningssystem,longtail
NIS2 incidentrapportering tidsfrister,nis2,longtail
vem ansvarar för OVK,ovk,longtail
rapportering misstänkt penningtvätt finanspolisen,penningtvatt,longtail
vad är en kontrollplan enligt PBL,plan-och-bygglagen,longtail
reach för nedströms användare,reach,longtail
riskbedömning enligt arbetsmiljölagen,riskbedomning,longtail
arbetsmiljöpolicy krav,sam,longtail
vem ansvarar för systematiskt brandskyddsarbete,sba,longtail
radon arbetsplats strålskyddslagen,stralskyddslagen,longtail
vem omfattas av visselblåsarlagen,visselblasarlagen,longtail
sanktionsbelagda AFS lista,afs,longtail
AI Act när börjar det gälla,ai-act,longtail
alkohollagen sanktioner och återkallelse,alkohollagen,longtail
arbetsmiljöverket föreskrifter AFS,arbetsmiljo,longtail
skyddsombud arbetsmiljölagen rättigheter,arbetsmiljolagen,longtail
arbetstidslagen rast och paus,arbetstidslagen,longtail
avfallshierarkin steg,avfallsforordningen,longtail
vad säger avfallsförordningen om avfallshierarkin,avfallstrappan,longtail
boverkets byggregler fukt,boverkets-byggregler,longtail
brandskyddsdokumentation mall,brandskydd,longtail
teknisk dokumentation CE,ce-markning,longtail
ESRS standarder hållbarhetsrapportering,csrd,longtail
lönekartläggning krav diskrimineringslagen,diskrimineringslagen,longtail
DORA incidentrapportering finanssektorn,dora,longtail
vilka omfattas av egenkontrollförordningen,egenkontroll,longtail
auktorisation elinstallatör regler,elsakerhetslagen,longtail
energikartläggning lag 2014:266,energikartlaggning,longtail
ESG för små och medelstora företag,esg,longtail
do no significant harm DNSH taxonomin,eu-taxonomin,longtail
rättslig grund personuppgifter,gdpr,longtail
internrevision av ledningssystem steg för steg,internrevision,longtail
miljöledningssystem för företag,iso-14001,longtail
ISO 27001 lagefterlevnad krav,iso-27001,longtail
ISO 45001 lagefterlevnad krav,iso-45001,longtail
ISO 50001 lagefterlevnad,iso-50001,longtail
kan man certifiera sig enligt ISO 9000,iso-9000,longtail
ISO 9001 lagar och bindande krav,iso-9001,longtail
skillnad kemikalieförteckning och säkerhetsdatablad,kemikalieforteckning,longtail
kvalitetsledningssystem mall,kvalitetsledningssystem,longtail
systematiskt brandskyddsarbete krav,lag-om-skydd-mot-olyckor,longtail
utvärdering av efterlevnad ledningssystem,lagefterlevnad,longtail
revision av lagefterlevnad ISO 14001,lagrevision,longtail
uppsägningstid enligt las,las,longtail
ledningssystem mall,ledningssystem,longtail
livsmedelslagen straff och sanktionsavgift,livsmedelslagen,longtail
teknisk tillverkningsdokumentation maskin,maskindirektivet,longtail
anmälningspliktig miljöfarlig verksamhet,miljo,longtail
vad säger miljöbalken om anmälningsplikt,miljobalken,longtail
miljöledningssystem mall,miljoledningssystem,longtail
NIS2 ledningens ansvar,nis2,longtail
OVK besiktning kostnad,ovk,longtail
penningtvättslagen för fastighetsmäklare,penningtvatt,longtail
kontrollansvarig krav PBL,plan-och-bygglagen,longtail
reach tillstånd och begränsningar bilaga xiv xvii,reach,longtail
krav på riskbedömning systematiskt arbetsmiljöarbete,riskbedomning,longtail
SAM årlig uppföljning,sam,longtail
SBA dokumentation exempel,sba,longtail
dosgränser joniserande strålning,stralskyddslagen,longtail
visselblåsarfunktion mall och rutin,visselblasarlagen,longtail
skillnad mellan AFS och arbetsmiljölagen,afs,longtail
AI-förordningen Sverige tillsyn,ai-act,longtail
regler för alkoholservering,alkohollagen,longtail
organisatorisk och social arbetsmiljö,arbetsmiljo,longtail
arbetsmiljölagen och AFS skillnad,arbetsmiljolagen,longtail
arbetstidslagen kan avtalas bort kollektivavtal,arbetstidslagen,longtail
transport av farligt avfall tillstånd,avfallsforordningen,longtail
skillnad återvinning och bortskaffande,avfallstrappan,longtail
nya byggregler 2025 boverket,boverkets-byggregler,longtail
brandskyddskontroll egenkontroll,brandskydd,longtail
CE-märkning tillverkare importör ansvar,ce-markning,longtail
CSRD jämfört med NFRD,csrd,longtail
direkt och indirekt diskriminering,diskrimineringslagen,longtail
DORA tredjepartsrisk leverantörer,dora,longtail
egenkontroll dokumentation krav,egenkontroll,longtail
elsäkerhetsverket tillsyn,elsakerhetslagen,longtail
vad kostar en energikartläggning,energikartlaggning,longtail
hållbarhetsrapportering årsredovisningslagen,esg,longtail
taxonomirapportering omsättning capex opex,eu-taxonomin,longtail
registerförteckning artikel 30,gdpr,longtail
skillnad internrevision och externrevision,internrevision,longtail
skillnad ISO 14001 och EMAS,iso-14001,longtail
ISO 27001 vad kostar en certifiering,iso-27001,longtail
ISO 45001 vad kostar en certifiering,iso-45001,longtail
vad kostar ISO 50001 certifiering,iso-50001,longtail
ISO 9000:2015,iso-9000,longtail
vad kostar ISO 9001 certifiering,iso-9001,longtail
kemikalieförteckning miljöbalken,kemikalieforteckning,longtail
kvalitetsledningssystem för små företag,kvalitetsledningssystem,longtail
LSO företagets ansvar vid olyckor,lag-om-skydd-mot-olyckor,longtail
krav på lagefterlevnad företag,lagefterlevnad,longtail
hur ofta ska lagrevision göras,lagrevision,longtail
